{
  "view/App.view.xml": 1716836300903,
  "model/models.js": 1716836300903,
  "manifest.json": 1716836695313,
  "controller/View1.controller.js": 1716836300903,
  "controller/App.controller.js": 1716836300903,
  "Component.js": 1716836300899,
  "Component-preload.js": 1716836695909,
  "controller/App-dbg.controller.js": 1716836300903,
  "controller/View1-dbg.controller.js": 1716836300903,
  "model/models-dbg.js": 1716836300903,
  "Component-dbg.js": 1716836300899,
  "view/View1.view.xml": 1716836300903,
  "i18n/i18n.properties": 1716836300903,
  "css/style.css": 1716836300903,
  "Fragments/salesOrg.fragment.xml": 1716836300903,
  "Fragments/plant.fragment.xml": 1716836300903,
  "Fragments/materialGroup.fragment.xml": 1716836300903,
  "Fragments/editTableRow.fragment.xml": 1716836300903,
  "Fragments/distributionChannel.fragment.xml": 1716836300903,
  "Fragments/createMatPlantLink.fragment.xml": 1716836300903,
  "Fragments/ascAndDscSort.fragment.xml": 1716836300903,
  "index.html": 1716836300903
}