<core:FragmentDefinition
	xmlns="sap.m"
    xmlns:f="sap.ui.layout.form"
    xmlns:l="sap.ui.layout"
	xmlns:core="sap.ui.core">
    <!-- id="editDialog" -->
	<Dialog	title="Edit">


   <f:SimpleForm editable="true" layout="ResponsiveGridLayout"> 
         <f:content> 
         <Label text="Transmission Date"></Label>
        <Input editable="false" value="{curSelTableRow>/transmissionDate}"></Input>
        <Label text="Sales Order"></Label>
        <Input editable="false" value="{curSelTableRow>/salesOrder}"></Input>
        <Label text="Item Number"></Label>
        <Input editable="false" value="{curSelTableRow>/itemNumber}"></Input>
        <Label text="Scheduled Line No"></Label>
        <Input editable="false" value="{curSelTableRow>/scheduledLineNo}"></Input>
        <Label text="material"></Label>
        <Input editable="false" value="{curSelTableRow>/material}"></Input>
        <Label text="plant"></Label>
        <Input editable="false" value="{curSelTableRow>/plant}"></Input>
        <Label text="confirmQuantity"></Label>
        <Input editable="false" value="{curSelTableRow>/confirmQuantity}"></Input>
        <Label text="uom"></Label>
        <Input editable="false" value="{curSelTableRow>/uom}"></Input>
        <Label text="Confirm Date"></Label>
        <Input editable="false" value="{curSelTableRow>/confirmDate}"></Input>
        <Label text="Status"></Label>
        <Select  id="id_PIVSStatusTable" 	forceSelection="false" change="handleChangeStatusFromTable">
					                        <core:Item key="Success" text="Success" />
                                            <core:Item key="Failed" text="Failed" />
                                            <core:Item key="Reported_to_IT" text="Reported to IT" />
				                        </Select>
        <Label text="Message"></Label>
        <Input value="{curSelTableRow>/message}"></Input>
        <Label text="Timestamp"></Label>
        <Input editable="false" value="{curSelTableRow>/timestamp}"></Input>
        
         </f:content> 
         </f:SimpleForm> 

		<beginButton>
			<Button
				text="Save"
				press="onSaveEdit"/>
		</beginButton>
        <endButton>
			<Button
				text="Cancel"
				press="onDialogClose"/>
		</endButton>
	</Dialog>
</core:FragmentDefinition>