<core:FragmentDefinition
	xmlns="sap.m"
	xmlns:core="sap.ui.core">
	<ViewSettingsDialog 
		confirm="Info_234_handleSortDialogConfirm">
		<sortItems  >			

			<!-- <ViewSettingsItem text="{i18n>client}" key="client" selected="true" /> -->
			<ViewSettingsItem text="{i18n>record_type}" key="record_type"  />
			<ViewSettingsItem text="{i18n>reply_id}" key="reply_id"  />
			<ViewSettingsItem text="{i18n>sales_order_code}" key="sales_order_code"  />
			<ViewSettingsItem text="{i18n>issued_date}" key="issued_date"  />
			<ViewSettingsItem text="{i18n>unified_model_number}" key="unified_model_number"  />
			<ViewSettingsItem text="{i18n>suplier_code}" key="suplier_code"  />
			<ViewSettingsItem text="{i18n>description_1}" key="description_1"  />
			<ViewSettingsItem text="{i18n>description_2}" key="description_2"  />
			<ViewSettingsItem text="{i18n>description_3}" key="description_3"  />
			<ViewSettingsItem text="{i18n>description_4}" key="description_4"  />
			<ViewSettingsItem text="{i18n>description_5}" key="description_5"  />
			<ViewSettingsItem text="{i18n>description_6}" key="description_6"  />
			<ViewSettingsItem text="{i18n>description_7}" key="description_7"  />
			<ViewSettingsItem text="{i18n>filler}" key="filler"  />
			<ViewSettingsItem text="{i18n>revised_id}" key="revised_id"  />
			<ViewSettingsItem text="{i18n>filler_2}" key="filler_2"  />
			<ViewSettingsItem text="{i18n>printer_spec_8}" key="printer_spec_8"  />
			<ViewSettingsItem text="{i18n>printer_spec_9}" key="printer_spec_9"  />
			<ViewSettingsItem text="{i18n>printer_spec_10}" key="printer_spec_10"  />
			<ViewSettingsItem text="{i18n>printer_spec_11}" key="printer_spec_11"  />
			<ViewSettingsItem text="{i18n>printer_spec_12}" key="printer_spec_12"  />
			<ViewSettingsItem text="{i18n>printer_spec_13}" key="printer_spec_13"  />
			<ViewSettingsItem text="{i18n>printer_spec_14}" key="printer_spec_14"  />
			<ViewSettingsItem text="{i18n>revised_id_3}" key="revised_id_3"  />
			<ViewSettingsItem text="{i18n>filler_3}" key="filler_3"  />
			<ViewSettingsItem text="{i18n>printer_spec_15}" key="printer_spec_15"  />
			<ViewSettingsItem text="{i18n>printer_spec_16}" key="printer_spec_16"  />
			<ViewSettingsItem text="{i18n>printer_spec_17}" key="printer_spec_17"  />
			<ViewSettingsItem text="{i18n>printer_spec_18}" key="printer_spec_18"  />
			<ViewSettingsItem text="{i18n>printer_spec_19}" key="printer_spec_19"  />
			<ViewSettingsItem text="{i18n>printer_spec_20}" key="printer_spec_20"  />
			<ViewSettingsItem text="{i18n>filler_4}" key="filler_4"  />
			<ViewSettingsItem text="{i18n>revised_id_4}" key="revised_id_4"  />
			<ViewSettingsItem text="{i18n>filler_5}" key="filler_5"  />
			<ViewSettingsItem text="{i18n>delete_indicator}" key="delete_indicator"  />
			<ViewSettingsItem text="{i18n>created_on}" key="created_on"  />
			<ViewSettingsItem text="{i18n>changed_on}" key="changed_on"  />
			<ViewSettingsItem text="{i18n>change_time}" key="change_time"  />
			
			
			
		</sortItems>
	</ViewSettingsDialog>
</core:FragmentDefinition>