{
  "fragments/dialogs/TrdPart/global_group_code_TrdPart.fragment.xml": 1716836300891,
  "Component.js": 1716836300887,
  "model/gcmsInfo5Columns.json": 1716836300891,
  "model/gcmsInfo234Column.json": 1716836300891,
  "model/gcmsInfo1Columns.json": 1716836300891,
  "model/cityCodeTableColumns.json": 1716836300891,
  "manifest.json": 1716836711755,
  "utils/tradingPartner.js": 1716836300891,
  "utils/gcmsInfo5.js": 1716836300891,
  "utils/gcmsInfo234.js": 1716836300891,
  "utils/gcmsInfo1.js": 1716836300891,
  "utils/cityCode.js": 1716836300891,
  "model/models.js": 1716836300891,
  "controller/View1.controller.js": 1716836300887,
  "controller/BaseController.js": 1716836300887,
  "controller/App.controller.js": 1716836300887,
  "model/tradingPartnerColumns.json": 1716836300891,
  "Component-preload.js": 1716836712984,
  "model/models-dbg.js": 1716836300891,
  "utils/gcmsInfo5-dbg.js": 1716836300891,
  "utils/gcmsInfo234-dbg.js": 1716836300891,
  "utils/gcmsInfo1-dbg.js": 1716836300891,
  "utils/cityCode-dbg.js": 1716836300891,
  "utils/tradingPartner-dbg.js": 1716836300891,
  "controller/View1-dbg.controller.js": 1716836300887,
  "controller/BaseController-dbg.js": 1716836300887,
  "controller/App-dbg.controller.js": 1716836300887,
  "Component-dbg.js": 1716836300887,
  "fragments/dialogs/citycode/cityCode.fragment.xml": 1716836300891,
  "fragments/dialogs/citycode/ascAndDscSort_CityCode.fragment.xml": 1716836300891,
  "i18n/i18n.properties": 1716836300891,
  "fragments/dialogs/TrdPart/customer_number_TrdPart.fragment.xml": 1716836300891,
  "fragments/dialogs/TrdPart/country_code_TrdPart.fragment.xml": 1716836300891,
  "fragments/dialogs/TrdPart/company_class_TrdPart.fragment.xml": 1716836300891,
  "fragments/dialogs/TrdPart/ascAndDscSortTrdPart.fragment.xml": 1716836300891,
  "fragments/dialogs/TrdPart/area_TrdPart.fragment.xml": 1716836300891,
  "fragments/dialogs/Info_234/unified_model_number_Info234.fragment.xml": 1716836300891,
  "fragments/dialogs/Info_234/suplier_code_Info234.fragment.xml": 1716836300891,
  "fragments/dialogs/Info_234/sales_order_code_Info234.fragment.xml": 1716836300891,
  "fragments/dialogs/Info_234/replyId_Info234.fragment.xml": 1716836300891,
  "fragments/dialogs/Info_234/recordType_Info234.fragment.xml": 1716836300891,
  "fragments/dialogs/Info_234/issued_date_Info234.fragment.xml": 1716836300891,
  "fragments/dialogs/Info_234/client_Info234.fragment.xml": 1716836300891,
  "fragments/dialogs/Info_234/ascAndDscSort_Info234.fragment.xml": 1716836300891,
  "fragments/dialogs/Info_5/unified_model_number_Info5.fragment.xml": 1716836300891,
  "fragments/dialogs/Info_5/suplier_code_Info5.fragment.xml": 1716836300891,
  "fragments/dialogs/Info_5/sales_company_code_Info5.fragment.xml": 1716836300891,
  "fragments/dialogs/Info_5/client_Info5.fragment.xml": 1716836300891,
  "fragments/dialogs/Info_5/ascAndDscSort_Info5.fragment.xml": 1716836300891,
  "fragments/dialogs/Info_1/unified_model_number_Info1.fragment.xml": 1716836300891,
  "fragments/dialogs/Info_1/suplier_code_Info1.fragment.xml": 1716836300891,
  "fragments/dialogs/Info_1/sales_company_code_Info1.fragment.xml": 1716836300891,
  "fragments/dialogs/Info_1/replyId_Info1.fragment.xml": 1716836300891,
  "fragments/dialogs/Info_1/issued_date_Info1.fragment.xml": 1716836300891,
  "fragments/dialogs/Info_1/factory_code_Info1.fragment.xml": 1716836300891,
  "fragments/dialogs/Info_1/client_Info1.fragment.xml": 1716836300891,
  "fragments/dialogs/Info_1/ascAndDscSort_Info1.fragment.xml": 1716836300891,
  "view/View1.view.xml": 1716836300891,
  "view/App.view.xml": 1716836300891,
  "css/style.css": 1716836300887,
  "fragments/tradingPartner.fragment.xml": 1716836300891,
  "fragments/gcms_Info_5.fragment.xml": 1716836300891,
  "fragments/gcms_Info_234.fragment.xml": 1716836300891,
  "fragments/gcms_Info_1.fragment.xml": 1716836300891,
  "fragments/cityCodeTable.fragment.xml": 1716836300887,
  "index.html": 1716836300891
}