{
  "Component.js": 1716836300855,
  "libs/jszip.js": 1716836300859,
  "utils/formatter.js": 1716836300863,
  "model/models.js": 1716836300863,
  "libs/xlsx.js": 1716836300863,
  "manifest.json": 1716836728690,
  "controller/View1.controller.js": 1716836300855,
  "controller/App.controller.js": 1716836300855,
  "i18n/i18n.properties": 1716836300855,
  "Component-preload.js": 1716836732923,
  "controller/View1-dbg.controller.js": 1716836300855,
  "model/models-dbg.js": 1716836300863,
  "libs/xlsx-dbg.js": 1716836300863,
  "libs/jszip-dbg.js": 1716836300859,
  "utils/formatter-dbg.js": 1716836300863,
  "controller/App-dbg.controller.js": 1716836300855,
  "Component-dbg.js": 1716836300855,
  "view/View1.view.xml": 1716836300863,
  "view/App.view.xml": 1716836300863,
  "css/style.css": 1716836300855,
  "Fragments/uploadDialog.fragment.xml": 1716836300855,
  "Fragments/editTableRow.fragment.xml": 1716836300855,
  "Fragments/createPlantProposalCopy.fragment.xml": 1716836300855,
  "Fragments/createPlantProposal.fragment.xml": 1716836300855,
  "Fragments/ascAndDscSort.fragment.xml": 1716836300855,
  "Fragments/ShipPlant.fragment.xml": 1716836300855,
  "Fragments/Identifier.fragment.xml": 1716836300855,
  "Fragments/Group.fragment.xml": 1716836300855,
  "Fragments/Days.fragment.xml": 1716836300855,
  "Fragments/Customer.fragment.xml": 1716836300855,
  "index.html": 1716836300855
}