<core:FragmentDefinition
	xmlns="sap.m"
    xmlns:f="sap.ui.layout.form"
    xmlns:l="sap.ui.layout"
	xmlns:core="sap.ui.core">
    <!-- id="editDialog" -->
	<Dialog	title="Edit">


   <f:SimpleForm editable="true" layout="ResponsiveGridLayout"> 
         <f:content> 
      
           <Label text="{i18n>RuleID}"></Label>
        <Input value="{curSelTableRow>/Identifier}" enabled="false"> </Input>
        <Label text="Customer"></Label>
        <Input value="{curSelTableRow>/Customer}" enabled="false" ></Input>
        <Label text="{i18n>Delgroup}"></Label>
        <Input value="{curSelTableRow>/Group}" enabled="false" ></Input>
        <Label text="{i18n>ShipPlant}"></Label>
        <Input value="{curSelTableRow>/ShipPlant}"  ></Input>
        <Label text="Days"></Label>
        <Input value="{curSelTableRow>/Days}" ></Input>

                 
         </f:content> 
         </f:SimpleForm> 

		<beginButton>
			<Button
				text="Save"
				press="onSaveEdit"/>
		</beginButton>
        <endButton>
			<Button
				text="Cancel"
				press="onDialogClose"/>
		</endButton>
	</Dialog>
</core:FragmentDefinition>