{
  "i18n/i18n.properties": 1716836300907,
  "model/models.js": 1716836300907,
  "manifest.json": 1716836662060,
  "controller/View1.controller.js": 1716836300907,
  "controller/App.controller.js": 1716836300907,
  "Component.js": 1716836300907,
  "Component-preload.js": 1716836662474,
  "controller/App-dbg.controller.js": 1716836300907,
  "controller/View1-dbg.controller.js": 1716836300907,
  "model/models-dbg.js": 1716836300907,
  "Component-dbg.js": 1716836300907,
  "view/View1.view.xml": 1716836300907,
  "view/App.view.xml": 1716836300907,
  "css/style.css": 1716836300907,
  "Fragments/salesOrder.fragment.xml": 1716836300907,
  "Fragments/plant.fragment.xml": 1716836300907,
  "Fragments/material.fragment.xml": 1716836300907,
  "Fragments/ascAndDscSort.fragment.xml": 1716836300907,
  "index.html": 1716836300907
}