<core:FragmentDefinition
	xmlns="sap.m"
    xmlns:f="sap.ui.layout.form"
    xmlns:l="sap.ui.layout"
	xmlns:core="sap.ui.core">
    <!-- id="helloDialog" -->
	<Dialog
		title="Create ">


   <f:SimpleForm editable="true" layout="ResponsiveGridLayout"> 
         <f:content> 
         <Label text="Sales Org"></Label>
        <Input value="{createTableRow>/sales_org}"></Input>
        <Label text="Distribution Channel"></Label>
        <Input value="{createTableRow>/dist_channel}"></Input>
        <Label text="Plant"></Label>
        <Input value="{createTableRow>/plant}"></Input>
        <Label text="Material Group"></Label>
        <Input value="{createTableRow>/material_group}"></Input>

         
         </f:content> 
         </f:SimpleForm> 

		<beginButton>
			<Button
				text="Save"
				press="onCreateSave"/>
		</beginButton>
        <endButton>
			<Button
				text="Cancel"
				press="onDialogClose"/>
		</endButton>
	</Dialog>
</core:FragmentDefinition>