<core:FragmentDefinition
	xmlns="sap.m"
    xmlns:f="sap.ui.layout.form"
    xmlns:l="sap.ui.layout"
	xmlns:core="sap.ui.core">
    <!-- id="editDialog" -->
	<Dialog	title="Edit">


   <f:SimpleForm editable="true" layout="ResponsiveGridLayout"> 
         <f:content> 
         <Label text="Sales Org"></Label>
        <Input value="{curSelTableRow>/sales_org}"></Input>
        <Label text="Distribution Channel"></Label>
        <Input value="{curSelTableRow>/dist_channel}"></Input>
        <Label text="Plant"></Label>
        <Input value="{curSelTableRow>/plant}"></Input>
        <Label text="Material Group"></Label>
        <Input value="{curSelTableRow>/material_group}"></Input>
                 
         </f:content> 
         </f:SimpleForm> 

		<beginButton>
			<Button
				text="Save"
				press="onSaveEdit"/>
		</beginButton>
        <endButton>
			<Button
				text="Cancel"
				press="onDialogClose"/>
		</endButton>
	</Dialog>
</core:FragmentDefinition>